{"is_source_file": true, "format": "JavaScript", "description": "This file sets up an Express server that manages multiple database connections (PostgreSQL, MySQL, SQLite, MongoDB), loads environment variables from .env files, and provides API endpoints for database operations like listing tables and retrieving data. It also includes a static file server and security headers.", "external_files": ["path", "fs", "dotenv", "pg", "mysql2/promise", "sqlite3", "mongodb"], "external_methods": ["require", "app.use", "fs.existsSync", "fs.readFileSync", "console.log", "app.get", "app.listen"], "published": ["app"], "classes": [{"name": "DatabaseAdapter", "description": "Base class for database adapters providing common interface for testing connection, retrieving tables, and data."}, {"name": "SQLAdapter", "description": "Abstract class extending DatabaseAdapter for SQL-based databases, implementing execute logic."}, {"name": "PostgresAdapter", "description": "Adapter class for PostgreSQL database operations."}, {"name": "MySQLAdapter", "description": "Adapter class for MySQL database operations."}, {"name": "SQLiteAdapter", "description": "Adapter class for SQLite database operations."}, {"name": "MongoDBAdapter", "description": "Adapter class for MongoDB database operations."}], "methods": [{"name": "loadEnvFiles", "description": "Loads environment variables from database-specific .env files."}, {"name": "testConnections", "description": "Tests connections to configured databases."}, {"name": "handleApiRequest", "description": "Handles API requests generically for various database operations."}], "calls": ["require", "app.use", "fs.existsSync", "fs.readFileSync", "loadEnvFiles", "testConnections", "app.get", "app.listen"], "search-terms": ["loadEnvFiles", "PostgresAdapter", "MongoDBAdapter", "testConnections", "adapterClasses", "dbConfigBuilders", "handleApiRequest"], "state": 2, "file_id": 4, "knowledge_revision": 14, "git_revision": "", "ctags": [], "hash": null, "format-version": 4, "code-base-name": "database", "filename": "database/db_visualizer/server.js", "revision_history": [{"14": ""}]}