{"is_source_file": true, "format": "bash", "description": "A comprehensive shell script for restoring various types of databases (SQLite, PostgreSQL, MySQL, MongoDB) from backup files, with detection logic for backup types and database environments.", "external_files": ["database_backup.db", "database_backup.sql", "database_backup.archive"], "external_methods": ["cp", "ls", "sudo", "pg_isready", "psql", "mysqladmin", "mysql", "mongosh", "mongorestore"], "published": [], "classes": [], "methods": [], "calls": ["cp", "ls", "sudo -u postgres pg_isready", "psql", "mysqladmin ping", "mysql", "mongosh", "mongorestore"], "search-terms": ["database restore script", "backup detection", "SQLite restore", "PostgreSQL restore", "MySQL restore", "MongoDB restore", "database backup files", "restore databases shell script"], "state": 2, "file_id": 7, "knowledge_revision": 11, "git_revision": "", "hash": null, "format-version": 4, "code-base-name": "database", "filename": "database/restore_db.sh", "revision_history": [{"11": ""}]}