{"is_source_file": true, "format": "bash shell script", "description": "This script automates the setup and startup of a PostgreSQL database server, including version detection, process checks, initialization, user and database creation, permission setup, and environment variable generation.", "external_files": ["/usr/lib/postgresql/", "/var/lib/postgresql/data/", "db_connection.txt", "db_visualizer/postgres.env"], "external_methods": ["ls", "sudo", "pg_isready", "pgrep", "psql", "initdb", "createdb"], "published": [], "classes": [], "methods": [], "calls": ["ls", "sudo -u postgres ${PG_BIN}/pg_isready", "pgrep -f \"postgres.*-p ${DB_PORT}\"", "sudo -u postgres ${PG_BIN}/psql", "sudo -u postgres ${PG_BIN}/initdb", "sudo -u postgres ${PG_BIN}/createdb", "sudo -u postgres ${PG_BIN}/psql"], "search-terms": ["PostgreSQL", "startup", "initdb", "pg_isready", "db_connection.txt", "postgres.env", "database setup"], "state": 2, "file_id": 6, "knowledge_revision": 12, "git_revision": "", "hash": null, "format-version": 4, "code-base-name": "database", "filename": "database/startup.sh", "revision_history": [{"12": ""}]}