{"is_source_file": true, "format": "HTML", "description": "A front-end HTML file for a web-based database viewer interface, including embedded CSS styles and JavaScript for fetching and displaying database, table, and data information dynamically.", "external_files": ["/api/databases", "/api/{db}/tables", "/api/{db}/tables/{tableName}/data"], "external_methods": ["fetch", "JSON.parse", "JSON.stringify"], "published": [], "classes": [], "methods": [{"name": "loadDatabases", "description": "Fetches list of databases and populates the sidebar.", "parameters": []}, {"name": "refreshDatabases", "description": "Refreshes the list of databases and resets view.", "parameters": []}, {"name": "toggleDatabase", "description": "Expands or collapses a database to show tables and loads tables.", "parameters": ["db"]}, {"name": "loadTables", "description": "Fetches tables for a selected database and displays them.", "parameters": ["db"]}, {"name": "loadTableData", "description": "Fetches and displays data from a selected table.", "parameters": ["db", "tableName"]}, {"name": "renderTable", "description": "Builds an HTML table from data array.", "parameters": ["container", "data"]}, {"name": "renderCell", "description": "Returns HTML for a cell, handling long content and objects.", "parameters": ["value"]}, {"name": "expandCell", "description": "Toggles expansion of cell content for long strings or objects.", "parameters": ["element"]}], "calls": ["fetchData('/api/databases')", "fetchData(`/api/${db}/tables`)", "fetchData(`/api/${db}/tables/${tableName}/data?limit=50`)"], "search-terms": ["HTML database viewer", "embedded JavaScript", "fetch API call", "dynamic table rendering", "expand long data cells", "database list toggle", "table data display", "responsive layout"], "state": 2, "file_id": 2, "knowledge_revision": 13, "git_revision": "", "hash": null, "format-version": 4, "code-base-name": "database", "filename": "database/db_visualizer/public/index.html", "revision_history": [{"13": ""}]}