{"is_source_file": true, "format": "bash script", "description": "A universal database backup script that detects and backs up SQLite, PostgreSQL, MySQL, and MongoDB databases based on runtime checks and available services.", "external_files": ["/usr/lib/postgresql/", "/var/run/mysqld/mysqld.sock"], "external_methods": ["ls", "cp", "sudo", "mysqladmin", "mysql", "mysqldump", "mongosh", "mongodump"], "published": ["DB_NAME", "DB_USER", "DB_PASSWORD", "DB_PORT"], "classes": [], "methods": [], "calls": ["ls", "cp", "sudo -u postgres pg_isready", "sudo mysqladmin ping", "mysqladmin ping", "mysql -h localhost -P ${DB_PORT} -u ${DB_USER} -p${DB_PASSWORD} -e 'SELECT 1'", "mysqldump -h localhost -P ${DB_PORT} -u ${DB_USER} -p${DB_PASSWORD} --databases ${DB_NAME} --add-drop-database --routines --triggers --single-transaction", "sudo mysql -h localhost -P ${DB_PORT} -u root -p${DB_PASSWORD} -e 'SELECT 1'", "sudo mysqldump --socket=/var/run/mysqld/mysqld.sock -u root -p${DB_PASSWORD} --databases ${DB_NAME} --add-drop-database --routines --triggers --single-transaction", "sudo mysql --socket=/var/run/mysqld/mysqld.sock -u root -e 'SELECT 1'", "mongosh --port ${DB_PORT} --eval \"db.adminCommand('ping')\"", "mongodump --port ${DB_PORT} --db ${DB_NAME} --archive=database_backup.archive --quiet"], "search-terms": ["backup_db.sh", "database backup", "SQLite", "PostgreSQL", "MySQL", "MongoDB", "db_name", "db_user", "db_password", "db_port"], "state": 2, "file_id": 5, "knowledge_revision": 15, "git_revision": "", "hash": null, "format-version": 4, "code-base-name": "database", "filename": "database/backup_db.sh", "revision_history": [{"15": ""}]}